City_ID,City,Lat,Lng,Max Temp,Humidity,Cloudiness,Wind Speed,Country,Date
0,edinburgh of the seven seas,-37.0676,-12.3116,11.72,68,100,8.8,SH,1690316619
1,tazovsky,67.4667,78.7,13.05,76,38,4.66,RU,1690316619
2,cill airne,52.05,-9.5167,14.49,89,40,1.8,IE,1690316619
3,puerto natales,-51.7236,-72.4875,0.34,79,8,2.26,CL,1690316498
4,grytviken,-54.2811,-36.5092,-3.64,80,67,4.93,GS,1690316498
5,ust-nera,64.5667,143.2,14.44,81,100,1.97,RU,1690316619
6,avarua,-21.2078,-159.775,24.03,64,40,3.09,CK,1690316534
7,dalbandin,28.8947,64.4101,28.7,62,90,5.33,PK,1690316620
8,nuuk,64.1835,-51.7216,13.34,58,0,3.6,GL,1690316620
9,malabar,-33.9667,151.25,10.44,87,20,3.6,AU,1690316620
10,waitangi,-43.9535,-176.5597,9.34,98,100,1.34,NZ,1690316620
11,lebu,-37.6167,-73.65,11.26,78,60,4.62,CL,1690316620
12,adamstown,-25.066,-130.1015,22.8,88,99,16.87,PN,1690316620
13,inongo,-1.95,18.2667,23.26,67,58,2.63,CD,1690316620
14,college,64.8569,-147.8028,25.67,68,75,3.6,US,1690316559
15,roma,43.2128,-75.4557,27.73,59,0,3.09,US,1690316620
16,longyearbyen,78.2186,15.6401,12.91,58,40,3.6,SJ,1690316549
17,udachny,66.4167,112.4,17.6,61,100,2.31,RU,1690316622
18,stanley,54.868,-1.6985,14.33,88,75,1.03,GB,1690316622
19,klyuchi,52.2667,79.1667,18.09,58,0,1.92,RU,1690316623
20,gadzhiyevo,69.2551,33.3362,9.48,97,86,2.8,RU,1690316623
21,hermanus,-34.4187,19.2345,7.11,69,0,2.8,ZA,1690316557
22,port-aux-francais,-49.35,70.2167,3.46,75,100,7.47,TF,1690316624
23,porto novo,6.4965,2.6036,24.9,86,99,2.75,BJ,1690316624
24,olonkinbyen,70.9221,-8.7187,5.43,86,100,4.12,SJ,1690316624
25,east london,-33.0153,27.9116,15.18,64,100,3.7,ZA,1690316542
26,turinskaya sloboda,57.6232,64.3858,14.51,85,6,2.65,RU,1690316625
27,khor,47.8861,134.9464,19.08,97,92,2.62,RU,1690316625
28,murud,18.3258,72.965,25.14,92,100,2.86,IN,1690316625
29,margaret river,-33.95,115.0667,12.18,83,100,7.41,AU,1690316569
30,hithadhoo,-0.6,73.0833,28.03,78,95,6.84,MV,1690316626
31,ola,59.5833,151.2833,13.04,89,23,1.19,RU,1690316597
32,la'ie,21.6477,-157.9253,29.98,73,70,7.27,US,1690316626
33,tomatlan,19.9333,-105.25,34.14,49,95,3.61,MX,1690316626
34,nagqu,31.5,92.0,5.54,93,100,1.78,CN,1690316626
35,mata-utu,-13.2816,-176.1745,26.79,74,100,7.08,WF,1690316626
36,la ronge,55.1001,-105.2842,25.14,38,75,7.2,CA,1690316627
37,al jubayl,27.0112,49.6583,33.55,51,46,3.29,SA,1690316627
38,bodo,67.28,14.405,17.75,85,0,1.03,NO,1690316627
39,tommot,58.9564,126.2925,16.15,95,32,0.5,RU,1690316627
40,iqaluit,63.7506,-68.5145,5.85,86,100,2.06,CA,1690316627
41,i-n-salah,27.1935,2.4607,40.48,5,0,3.48,DZ,1690316627
42,acarau,-2.8856,-40.12,27.68,68,7,8.12,BR,1690316625
43,papatowai,-46.5619,169.4708,5.81,76,80,5.44,NZ,1690316505
44,wailua homesteads,22.0669,-159.378,28.44,79,75,7.2,US,1690316628
45,yellowknife,62.456,-114.3525,25.31,27,75,10.29,CA,1690316628
46,peace river,56.2501,-117.286,19.17,77,100,6.69,CA,1690316434
47,dompu,-8.5356,118.4622,20.87,95,8,1.05,ID,1690316628
48,otaru,43.1894,141.0022,24.21,95,97,1.41,JP,1690316628
49,carnarvon,-24.8667,113.6333,17.65,58,66,8.36,AU,1690316605
50,atafu village,-8.5421,-172.5159,29.05,70,11,8.77,TK,1690316628
51,kouango,4.9934,19.9619,21.62,97,100,1.32,CF,1690316628
52,flying fish cove,-10.4217,105.6791,23.82,94,100,4.12,CX,1690316629
53,rokytne,51.2796,27.214,19.69,91,100,5.62,UA,1690316629
54,santo antonio,-6.3106,-35.4789,25.15,65,100,6.13,BR,1690316629
55,yueyang,29.3333,113.0919,24.89,91,99,1.77,CN,1690316629
56,georgetown,5.4112,100.3354,27.23,89,20,1.03,MY,1690316346
57,tiksi,71.6872,128.8694,4.98,76,38,1.7,RU,1690316564
58,ashland,40.8167,-82.2665,30.01,68,0,2.68,US,1690316629
59,sagua la grande,22.8067,-80.0756,32.55,55,40,6.67,CU,1690316629
60,raahe,64.6833,24.4833,16.65,90,8,3.21,FI,1690316629
61,malango,-2.9627,119.9001,17.78,97,40,0.88,ID,1690316630
62,bethel,41.3712,-73.414,27.6,72,75,2.06,US,1690316379
63,port mathurin,-19.6833,63.4167,23.48,77,13,7.91,MU,1690316630
64,kapsan-up,41.0903,128.2933,17.24,95,100,0.55,KP,1690316630
65,mitu,1.1983,-70.1733,22.04,99,100,0.3,CO,1690316630
66,hadibu,12.65,54.0333,25.45,76,37,10.36,YE,1690316630
67,nemuro,43.3236,145.575,16.16,100,94,1.24,JP,1690316630
68,ushuaia,-54.8,-68.3,0.81,60,40,4.12,AR,1690316567
69,albany,42.6001,-73.9662,26.23,71,100,1.46,US,1690316401
70,arambol,15.6868,73.7045,24.94,88,100,6.71,IN,1690316631
71,panaba,21.2833,-88.2667,35.66,42,58,8.83,MX,1690316631
72,kasganj,27.8167,78.65,27.75,84,98,3.08,IN,1690316631
73,port antonio,18.18,-76.4612,32.95,68,61,3.45,JM,1690316492
74,el calafate,-50.3408,-72.2768,-3.5,69,5,0.83,AR,1690316631
75,mugia,43.1041,-9.2179,19.39,75,86,4.81,ES,1690316631
76,buloh kasap,2.5536,102.764,24.44,84,98,1.08,MY,1690316631
77,thompson,55.7435,-97.8558,23.09,38,40,5.14,CA,1690316503
78,northam,51.0333,-4.2167,14.66,81,5,3.36,GB,1690316631
79,weno,7.4515,151.8468,25.97,94,100,2.06,FM,1690316632
80,kiunga,-6.1219,141.2906,20.72,97,73,1.24,PG,1690316632
81,umluj,25.0213,37.2685,33.48,37,59,1.65,SA,1690316632
82,hamilton,39.1834,-84.5333,32.63,53,20,3.09,US,1690316313
83,port lincoln,-34.7333,135.8667,10.81,74,0,3.65,AU,1690316571
84,echuca,-36.1333,144.75,4.72,91,1,1.53,AU,1690316632
85,san carlos del zulia,9.0,-71.9135,34.84,46,99,2.01,VE,1690316632
86,anadyr,64.75,177.4833,12.28,81,75,5.0,RU,1690316632
87,manikpur,25.0667,81.1167,30.04,68,100,3.61,IN,1690316632
88,praia da vitoria,38.7333,-27.0667,24.14,78,40,4.04,PT,1690316633
89,bilibino,68.0546,166.4372,11.11,93,100,0.82,RU,1690316633
90,caussade,44.1608,1.5391,18.11,53,73,4.52,FR,1690316633
91,callao,-12.0667,-77.15,22.07,73,100,5.14,PE,1690316633
92,invercargill,-46.4,168.35,5.34,84,70,3.73,NZ,1690316633
93,crane,31.3974,-102.3501,36.99,18,24,7.15,US,1690316633
94,howard springs,-12.497,131.047,16.95,47,10,3.54,AU,1690316633
95,enoch,37.7733,-113.0244,34.14,22,0,5.66,US,1690316633
96,tura,25.5198,90.2201,24.0,97,99,2.35,IN,1690316535
97,kill devil hills,36.0307,-75.676,29.99,73,40,2.57,US,1690316634
98,isafjordur,66.0755,-23.124,8.49,77,90,3.92,IS,1690316634
99,namibe,-15.1961,12.1522,16.87,84,100,2.4,AO,1690316634
100,harpswell center,43.8018,-69.9842,27.84,90,91,4.02,US,1690316634
101,blackmans bay,-43.0167,147.3167,12.05,74,100,6.08,AU,1690316634
102,shimoda,34.6667,138.95,23.95,82,13,2.53,JP,1690316634
103,qaqortoq,60.7167,-46.0333,6.76,87,89,2.64,GL,1690316634
104,tadine,-21.55,167.8833,19.65,71,90,9.28,NC,1690316635
105,badger,64.8,-147.5333,25.63,65,75,3.6,US,1690316635
106,kibre mengist,5.8833,38.9833,16.29,81,100,1.54,ET,1690316635
107,pustoshka,56.3355,29.369,15.78,97,83,1.86,RU,1690316635
108,mount gambier,-37.8333,140.7667,5.64,97,100,2.22,AU,1690316635
109,whitehorse,60.7161,-135.0538,18.9,59,75,1.54,CA,1690316635
110,kodiak,57.79,-152.4072,14.73,77,0,3.09,US,1690316635
111,hawaiian paradise park,19.5933,-154.9731,26.73,89,100,2.57,US,1690316471
112,sabang,5.8933,95.3214,28.3,77,90,8.9,ID,1690316635
113,port elizabeth,-33.918,25.5701,9.16,93,39,2.06,ZA,1690316461
114,ode,7.7899,5.7117,22.52,90,19,1.74,NG,1690316636
115,vega de alatorre,20.0333,-96.6333,28.93,72,100,4.06,MX,1690316636
116,ribeira grande,38.5167,-28.7,23.76,68,20,2.06,PT,1690316554
117,jamestown,42.097,-79.2353,25.77,88,0,4.12,US,1690316348
118,brookings,44.3114,-96.7984,33.19,55,0,5.66,US,1690316616
119,cova figueira,14.8905,-24.2934,22.79,89,45,5.98,CV,1690316636
120,chonchi,-42.6128,-73.8092,10.56,90,63,2.84,CL,1690316636
121,parung,-6.4214,106.7331,26.18,75,67,1.52,ID,1690316636
122,farafangana,-22.8167,47.8333,20.37,75,96,5.43,MG,1690316637
123,nouadhibou,20.931,-17.0347,22.99,73,87,8.75,MR,1690316637
124,aasiaat,68.7098,-52.8699,3.75,91,92,2.96,GL,1690316571
125,kodinar,20.7903,70.7031,26.78,88,99,7.0,IN,1690316637
126,salekhard,66.53,66.6019,16.82,86,100,3.33,RU,1690316513
127,palmer,42.1584,-72.3287,29.02,59,100,1.96,US,1690316521
128,talnakh,69.4865,88.3972,14.56,74,0,0.87,RU,1690316637
129,bredasdorp,-34.5322,20.0403,7.39,75,0,0.87,ZA,1690316637
130,yur'yevets,57.3201,43.1041,15.96,80,100,1.38,RU,1690316637
131,juneau,58.3019,-134.4197,18.0,63,40,6.17,US,1690316638
132,harper,4.375,-7.7169,24.95,84,100,4.07,LR,1690316638
133,khorugh,37.4897,71.553,21.65,40,4,1.68,TJ,1690316638
134,revda,56.801,59.9303,13.77,79,74,1.41,RU,1690316638
135,belmonte,-15.8631,-38.8828,22.86,87,86,3.27,BR,1690316638
136,mazeikiai,56.3167,22.3333,13.68,96,94,3.07,LT,1690316638
137,tubarjal,30.4999,38.216,32.47,17,0,4.33,SA,1690316638
138,petropavlovsk-kamchatsky,53.0452,158.6483,14.33,100,0,3.0,RU,1690316638
139,sinabang,2.4803,96.3801,26.42,85,100,1.86,ID,1690316638
140,uturoa,-16.7333,-151.4333,26.72,81,3,6.22,PF,1690316639
141,vilyuchinsk,52.9306,158.4028,15.15,79,9,1.62,RU,1690316639
142,coquimbo,-29.9533,-71.3436,16.85,77,75,5.66,CL,1690316366
143,luganville,-15.5333,167.1667,23.09,86,100,6.81,VU,1690316639
144,yorkton,51.2167,-102.4677,23.91,83,75,3.09,CA,1690316639
145,chadron,42.8294,-102.9999,36.82,22,0,8.75,US,1690316639
146,kanggye,40.9695,126.5852,20.41,97,100,1.29,KP,1690316639
147,dahlonega,34.5326,-83.9849,33.39,56,37,2.56,US,1690316640
148,nevel'sk,46.6733,141.8633,18.32,98,100,3.85,RU,1690316640
149,mount darwin,-16.7725,31.5838,14.98,56,1,2.64,ZW,1690316640
150,khurai,24.0436,78.3319,28.2,78,100,1.62,IN,1690316640
151,tome,-36.6167,-72.95,12.34,75,98,2.17,CL,1690316410
152,demba,-5.51,22.2667,25.61,29,6,1.36,CD,1690316640
153,lakatoro,-16.0999,167.4164,22.68,83,100,7.83,VU,1690316640
154,camana,-16.6228,-72.7111,19.04,75,40,3.83,PE,1690316640
155,guapimirim,-22.5372,-42.9819,27.24,65,0,0.66,BR,1690316640
156,hailar,49.2,119.7,16.48,86,100,2.86,CN,1690316641
157,berezovyy,51.6667,135.7,18.12,95,90,1.07,RU,1690316641
158,goondiwindi,-28.55,150.3167,8.41,86,0,3.16,AU,1690316641
159,khandyga,62.6667,135.6,15.89,97,19,1.38,RU,1690316641
160,sergeyevka,53.88,67.4158,18.94,58,100,0.87,KZ,1690316641
161,weihai,37.5017,122.1136,24.99,90,99,3.08,CN,1690316641
162,pregradnaya,43.9508,41.1994,15.21,90,0,2.01,RU,1690316642
163,pangkalanbuun,-2.6833,111.6167,23.09,94,100,1.17,ID,1690316642
164,shevchenko,48.5,35.0,25.38,50,10,4.71,UA,1690316573
165,darwin,-12.4611,130.8418,16.99,42,0,4.63,AU,1690316642
166,san rafael,-34.6177,-68.3301,18.12,21,0,1.02,AR,1690316642
167,sao joao da barra,-21.6403,-41.0511,24.05,84,6,6.07,BR,1690316358
168,puerto ayora,-0.7393,-90.3518,29.98,88,51,4.02,EC,1690316508
169,punta arenas,-53.15,-70.9167,1.37,73,73,4.1,CL,1690316553
170,xilin hot,43.9667,116.0333,21.39,51,100,2.92,CN,1690316642
171,saldanha,-33.0117,17.9442,9.03,66,47,4.27,ZA,1690316643
172,plettenberg bay,-34.0527,23.3716,12.67,57,0,1.52,ZA,1690316643
173,vila franca do campo,37.7167,-25.4333,23.23,74,49,1.23,PT,1690316643
174,lihue,21.9789,-159.3672,28.77,72,75,7.2,US,1690316643
175,west island,-12.1568,96.8225,24.99,65,40,10.29,CC,1690316537
176,sidi khaled,34.387,4.9879,38.96,7,0,6.47,DZ,1690316643
177,remire-montjoly,4.9167,-52.2667,27.02,94,75,1.54,GF,1690316643
178,contamana,-7.3333,-75.0167,35.56,32,69,1.51,PE,1690316644
179,iskateley,67.6803,53.1512,15.74,73,28,3.92,RU,1690316644
180,vorkuta,67.5,64.0,16.25,84,100,2.74,RU,1690316644
181,balboa,2.0396,-77.2168,26.06,51,81,2.86,CO,1690316644
182,santa ines,-3.6667,-45.38,31.08,52,30,1.34,BR,1690316644
183,slave lake,55.2834,-114.769,14.99,77,100,11.32,CA,1690316645
184,codrington,-38.2667,141.9667,6.19,94,99,3.25,AU,1690316645
185,susehri,40.1644,38.0867,15.09,88,29,1.23,TR,1690316645
186,sosua,19.7667,-70.5167,32.99,66,75,8.23,DO,1690316645
187,mont-dore,-22.2833,166.5833,20.56,99,94,4.94,NC,1690316645
188,ghat,24.9647,10.1728,35.57,11,92,3.59,LY,1690316645
189,afaahiti,-17.75,-149.2833,25.93,81,0,6.86,PF,1690316645
190,mount isa,-20.7333,139.5,14.87,82,40,3.09,AU,1690316589
191,portland,45.5234,-122.6762,26.93,46,75,3.6,US,1690316475
192,alice springs,-23.7,133.8833,5.75,70,0,0.0,AU,1690316646
193,aykhal,66.0,111.5,16.52,70,100,2.28,RU,1690316646
194,kochubey,44.3861,46.5825,24.17,73,0,2.86,RU,1690316646
195,pionerskiy,54.9508,20.2275,16.53,74,100,6.8,RU,1690316646
196,dudinka,69.4058,86.1778,14.79,59,0,5.14,RU,1690316504
197,tsiombe,-25.3,45.4833,16.59,62,22,2.19,MG,1690316646
198,enewetak,11.3474,162.3373,28.53,77,32,6.48,MH,1690316568
199,san felipe,10.3399,-68.7425,29.12,72,92,2.46,VE,1690316647
200,beipiao,41.7919,120.7792,20.61,95,0,1.75,CN,1690316647
201,queenstown,-31.8976,26.8753,10.26,17,100,2.47,ZA,1690316647
202,port alfred,-33.5906,26.891,15.18,63,100,4.91,ZA,1690316510
203,arraial do cabo,-22.9661,-42.0278,23.98,78,0,7.72,BR,1690316648
204,sattahip,12.6664,100.9007,28.05,78,20,2.06,TH,1690316648
205,bikenibeu village,1.3673,173.1241,25.98,94,100,3.09,KI,1690316648
206,haiku-pauwela,20.9219,-156.3051,28.43,64,20,10.8,US,1690316649
207,prado,-17.3411,-39.2208,22.24,90,75,3.13,BR,1690316649
208,payakumbuh,-0.2202,100.6308,20.14,92,61,1.47,ID,1690316649
209,keflavik,64.0049,-22.5624,13.95,71,75,4.63,IS,1690316512
210,karoi,-16.8099,29.6925,14.44,51,0,3.48,ZW,1690316650
211,saint-denis,48.9167,2.3333,17.09,75,40,2.57,FR,1690316650
212,glace bay,46.1969,-59.957,30.99,51,75,4.12,CA,1690316650
213,ondjiva,-17.0667,15.7333,17.02,29,85,1.03,AO,1690316651
214,puerto madryn,-42.7692,-65.0385,12.98,52,4,7.49,AR,1690316522
215,bengkulu,-3.8004,102.2655,23.82,90,4,1.75,ID,1690316651
216,newman,37.3138,-121.0208,36.19,11,1,1.65,US,1690316651
217,bayaguana,18.7564,-69.6362,33.75,46,100,6.47,DO,1690316652
218,ulsteinvik,62.3432,5.8487,16.61,91,100,2.68,NO,1690316652
219,ed damer,17.5928,33.9592,36.85,24,65,6.92,SD,1690316652
220,enshi,30.3,109.4833,23.47,97,100,0.07,CN,1690316652
221,camara de lobos,32.6333,-16.9667,23.89,90,75,3.09,PT,1690316653
222,nogliki,51.8333,143.1667,13.4,98,99,2.92,RU,1690316653
223,mindelo,16.8901,-24.9804,26.75,69,75,8.75,CV,1690316653
224,kargasok,59.0556,80.8572,14.56,94,3,2.51,RU,1690316653
225,salalah,17.0151,54.0924,26.05,94,100,3.09,OM,1690316653
226,fort mcmurray,56.7268,-111.381,17.77,94,75,1.03,CA,1690316394
227,barranca,-10.75,-77.7667,21.47,71,17,6.0,PE,1690316654
228,kas,36.2018,29.6377,30.1,31,0,2.92,TR,1690316654
229,rocha,-34.4833,-54.3333,12.26,90,100,3.53,UY,1690316654
230,betio village,1.358,172.9211,26.02,74,54,2.46,KI,1690316654
231,hilo,19.7297,-155.09,26.85,85,100,2.57,US,1690316654
232,saipan,15.1355,145.701,27.58,100,75,3.6,MP,1690316655
233,pitimbu,-7.4706,-34.8086,26.33,73,100,5.47,BR,1690316655
234,lodwar,3.1191,35.5973,31.08,37,90,3.79,KE,1690316655
235,celendin,-6.8703,-78.1517,23.29,34,52,2.86,PE,1690316655
236,villa de cos,23.2833,-102.35,20.21,56,98,7.92,MX,1690316655
237,betafo,-19.8333,46.85,11.69,89,2,2.49,MG,1690316656
238,happy valley-goose bay,53.3168,-60.3315,21.17,73,75,5.66,CA,1690316656
239,swan hill,-35.3378,143.5544,5.67,88,0,1.23,AU,1690316656
240,sibu,2.3,111.8167,24.17,100,20,0.0,MY,1690316656
241,ingeniero jacobacci,-41.3427,-69.5448,4.86,73,89,7.26,AR,1690316656
242,quellon,-43.1167,-73.6167,9.14,87,75,3.09,CL,1690316656
243,igrim,63.1906,64.4162,15.85,97,100,1.39,RU,1690316656
244,cedeira,43.6797,-8.0209,18.87,78,93,2.59,ES,1690316657
245,rio preto da eva,-2.6994,-59.6997,36.49,25,5,1.55,BR,1690316657
246,lahij,13.1667,44.5833,34.58,36,99,0.78,YE,1690316657
247,cameron park,38.6688,-120.9872,37.18,22,0,2.24,US,1690316657
248,palikir - national government center,6.9248,158.1611,25.41,94,100,0.0,FM,1690316657
249,winnemucca,40.973,-117.7357,34.03,5,0,6.17,US,1690316657
250,san patricio,28.017,-97.5169,37.31,39,21,7.75,US,1690316560
251,st. john's,47.5649,-52.7093,29.6,57,75,4.12,CA,1690316572
252,mukalla,14.5425,49.1242,30.39,69,93,3.01,YE,1690316658
253,suva,-18.1416,178.4415,21.71,88,75,1.03,FJ,1690316563
254,yahyali,38.1023,35.357,18.92,50,0,2.56,TR,1690316658
255,minas novas,-17.2186,-42.5903,23.47,57,90,3.37,BR,1690316387
256,jalai nur,49.45,117.7,17.12,81,99,0.98,CN,1690316658
257,taoudenni,22.6783,-3.9836,42.75,12,67,4.43,ML,1690316658
258,chui,-33.6971,-53.4616,12.69,92,100,4.49,UY,1690316659
259,flin flon,54.7682,-101.865,24.91,50,75,4.12,CA,1690316548
260,geraldton,-28.7667,114.6,13.23,76,75,10.29,AU,1690316659
261,beberibe,-4.1797,-38.1306,26.66,73,59,5.45,BR,1690316659
262,el granada,37.5027,-122.4694,34.23,64,20,8.75,US,1690316659
263,zhezqazghan,47.7833,67.7667,27.83,24,22,7.17,KZ,1690316659
264,riohacha,11.5444,-72.9072,31.06,70,20,7.2,CO,1690316659
265,ta`u,-14.2336,-169.5144,25.42,70,26,4.52,AS,1690316660
266,norfolk,42.1668,-71.2495,30.35,76,97,2.65,US,1690316579
267,arfoud,31.4348,-4.2375,38.43,11,31,4.8,MA,1690316660
268,kapuskasing,49.4169,-82.4331,26.05,36,75,7.2,CA,1690316518
269,bathurst,-33.4166,149.5806,2.68,95,0,0.76,AU,1690316660
270,lensk,60.7253,114.9278,16.04,85,27,1.61,RU,1690316660
271,posto fiscal rolim de moura,-13.0833,-62.2667,35.49,22,0,1.46,BR,1690316660
272,hami,42.8,93.45,28.59,13,24,5.24,CN,1690316661
273,mbanza-ngungu,-5.25,14.8667,23.85,50,3,2.65,CD,1690316661
274,lloydminster,53.2835,-110.0016,23.12,64,75,5.66,CA,1690316661
275,willemstad,12.1084,-68.9335,28.95,79,20,2.57,CW,1690316661
276,la passe,45.5549,-0.8967,19.13,73,92,4.5,FR,1690316661
277,medina,24.4686,39.6142,37.24,8,0,3.09,SA,1690316372
278,karratha,-20.7377,116.8463,18.09,75,6,4.04,AU,1690316661
279,cooper's town,26.8667,-77.5167,29.56,69,82,4.61,BS,1690316662
280,cabo san lucas,22.8909,-109.9124,35.34,55,20,4.12,MX,1690316553
281,chillicothe,39.3331,-82.9824,30.55,57,0,1.54,US,1690316662
282,eskilstuna,59.3666,16.5077,18.88,72,100,3.16,SE,1690316495
283,vernon,50.2581,-119.2691,21.34,39,100,1.03,CA,1690316536
284,bambari,5.768,20.6757,20.77,98,95,0.89,CF,1690316662
285,villa regina,-39.1,-67.0667,15.84,30,4,11.25,AR,1690316662
286,cururupu,-1.8283,-44.8683,28.21,67,100,1.87,BR,1690316394
287,kresek,-6.1314,106.3797,26.73,86,55,1.84,ID,1690316662
288,nizhnyaya tavda,57.6731,66.1725,14.05,93,0,2.42,RU,1690316663
289,kolonia town,6.964,158.206,26.0,94,100,0.0,FM,1690316663
290,pachino,36.7186,15.0907,29.66,62,0,5.7,IT,1690316663
291,sretensk,52.2453,117.7093,16.35,80,94,1.1,RU,1690316663
292,vadso,70.0744,29.7487,10.09,93,100,4.12,NO,1690316663
293,solleftea,63.1667,17.2667,14.92,97,100,1.13,SE,1690316663
294,zhosaly,45.4878,64.0781,33.39,20,0,3.82,KZ,1690316664
295,djambala,-2.5447,14.7533,26.04,43,10,1.44,CG,1690316664
296,patterson,37.4716,-121.1297,35.01,12,1,2.33,US,1690316664
297,saladan,7.6134,99.0365,27.44,82,96,4.95,TH,1690316664
298,hinton,53.4001,-117.5857,19.58,36,89,4.17,CA,1690316664
299,rikaze,29.25,88.8833,11.68,77,100,2.51,CN,1690316664
300,fonte boa,-2.4959,-66.2662,33.35,42,65,0.82,BR,1690316665
301,pagar alam,-4.0167,103.2667,19.22,97,26,1.52,ID,1690316665
302,acapulco de juarez,16.8634,-99.8901,31.75,60,35,4.03,MX,1690316412
303,westport,41.1415,-73.3579,28.3,75,0,4.12,US,1690316665
304,kone,-21.0595,164.8658,16.82,79,41,3.7,NC,1690316665
305,kapa'a,22.0752,-159.319,29.18,79,75,7.2,US,1690316665
306,kendari,-3.945,122.4989,21.85,92,2,1.34,ID,1690316665
307,port douglas,-16.4833,145.4667,20.96,87,94,6.78,AU,1690316666
308,evanston,42.0411,-87.6901,33.39,48,20,4.63,US,1690316504
309,utrik,11.2278,169.8474,28.65,75,99,6.83,MH,1690316666
310,arti,56.4234,58.5328,16.02,68,78,0.89,RU,1690316666
311,sitka,57.0531,-135.33,15.94,77,75,2.57,US,1690316666
312,hotan,37.0997,79.9269,28.55,30,6,1.6,CN,1690316666
313,huron,41.1501,-82.5499,30.1,62,0,2.4,US,1690316666
314,canutama,-6.5339,-64.3831,36.34,26,2,1.09,BR,1690316667
315,abra pampa,-22.7205,-65.697,16.92,6,0,8.27,AR,1690316667
316,collie,-33.3667,116.15,9.34,98,100,2.15,AU,1690316667
317,tibanbang,6.6315,126.1055,27.09,78,91,2.39,PH,1690316667
318,elko,41.0002,-115.5012,32.01,10,5,5.36,US,1690316389
319,allanridge,-27.7543,26.6438,12.56,70,99,2.88,ZA,1690316667
320,kucove,40.8003,19.9167,31.2,26,55,5.07,AL,1690316667
321,mhamid,29.82,-5.72,39.67,7,9,5.74,MA,1690316667
322,labytnangi,66.6572,66.4183,16.81,87,100,3.41,RU,1690316559
323,nantucket,41.2835,-70.0995,29.03,86,0,4.63,US,1690316623
324,tazacorte,28.629,-17.9293,23.54,88,75,5.14,ES,1690316668
325,al artawiyah,26.5053,45.3444,34.16,9,76,4.53,SA,1690316668
326,lemvig,56.5486,8.3102,13.97,80,8,7.38,DK,1690316668
327,codajas,-3.8367,-62.0569,37.04,25,5,1.32,BR,1690316668
328,dunedin,-45.8742,170.5036,6.56,66,68,10.28,NZ,1690316632
329,ceeldheer,3.8488,47.1806,24.73,83,78,8.14,SO,1690316669
330,nema,57.5067,50.5011,13.53,98,22,1.9,RU,1690316669
331,constantia,44.1833,28.65,25.39,69,49,9.82,RO,1690316669
332,coahuayana de hidalgo,18.7,-103.6583,32.64,57,77,2.96,MX,1690316669
333,sunne,59.8376,13.143,14.23,82,76,1.53,SE,1690316669
334,dej,47.15,23.8667,20.51,89,55,2.1,RO,1690316670
335,madinat ash shamal,26.1293,51.2009,32.86,67,100,1.65,QA,1690316670
336,labrador city,52.9463,-66.9114,15.95,94,100,0.0,CA,1690316670
337,las piedras,-34.7264,-56.22,13.84,77,75,3.6,UY,1690316670
338,masterton,-40.9597,175.6575,6.6,91,100,5.06,NZ,1690316670
339,bardai,11.65,7.2333,26.63,67,100,4.86,NG,1690316670
340,fale old settlement,-9.3852,-171.2468,28.71,75,17,8.88,TK,1690316670
341,antsiranana,-12.2787,49.2917,22.11,82,91,5.42,MG,1690316671
342,baiao,-2.7906,-49.6717,34.86,33,73,1.11,BR,1690316671
343,puerto baquerizo moreno,-0.9,-89.6,27.55,74,20,5.14,EC,1690316558
344,nova vicosa,-17.8919,-39.3719,22.49,88,78,4.29,BR,1690316597
345,dongola,19.1667,30.4833,36.68,10,12,2.6,SD,1690316672
346,hasaki,35.7333,140.8333,24.61,89,63,2.76,JP,1690316532
347,touros,-5.1989,-35.4608,25.75,70,66,7.65,BR,1690316673
348,shahgarh,24.3167,79.1333,29.24,71,99,0.96,IN,1690316673
349,rio gallegos,-51.6226,-69.2181,-5.97,86,0,7.2,AR,1690316673
350,antofagasta,-23.65,-70.4,17.6,78,42,3.79,CL,1690316599
351,ilulissat,69.2167,-51.1,4.01,93,75,2.57,GL,1690316674
352,murzuq,25.9155,13.9184,35.05,11,9,5.18,LY,1690316674
353,sault ste. marie,46.5168,-84.3333,26.31,42,0,3.6,CA,1690316508
354,niquero,20.0431,-77.5828,30.83,65,61,1.73,CU,1690316675
355,mareeba,-17.0,145.4333,18.4,87,52,1.38,AU,1690316675
356,sovetskaya gavan',48.9723,140.2878,17.07,99,97,1.76,RU,1690316675
357,butembo,0.15,29.2833,16.27,83,92,1.34,CD,1690316675
358,kulunda,52.566,78.9385,18.36,55,1,2.59,RU,1690316676
359,palmerston,-12.486,130.9833,16.99,42,0,4.63,AU,1690316676
360,monte alegre de minas,-18.8706,-48.8808,24.33,42,100,2.68,BR,1690316676
361,conde,-7.2597,-34.9075,25.7,69,0,4.63,BR,1690316676
362,sal rei,16.1833,-22.9167,25.01,83,93,5.79,CV,1690316677
363,tamiahua,21.2667,-97.45,29.69,63,100,2.05,MX,1690316677
364,kuta,-8.7233,115.1723,25.0,83,40,5.81,ID,1690316677
365,moree,-29.4667,149.85,8.07,81,0,3.1,AU,1690316677
366,shrigonda,18.6167,74.6833,22.0,95,100,7.15,IN,1690316677
367,cockburn town,21.4612,-71.1419,28.97,75,31,7.25,TC,1690316677
368,bathsheba,13.2167,-59.5167,25.34,94,40,4.12,BB,1690316678
369,tlahualilo de zaragoza,26.1167,-103.45,33.7,26,91,4.14,MX,1690316678
370,kingston,17.997,-76.7936,32.53,64,20,10.8,JM,1690316678
371,ivankiv,50.9386,29.8943,20.94,75,68,3.39,UA,1690316678
372,warrnambool,-38.3833,142.4833,7.71,89,97,3.57,AU,1690316678
373,kolondieba,11.0882,-6.8926,27.31,70,69,2.35,ML,1690316678
374,kerikeri,-35.2268,173.9474,9.95,90,6,0.89,NZ,1690316533
375,letlhakeng,-24.0944,25.0298,13.81,73,82,6.06,BW,1690316679
376,katsuura,35.1333,140.3,24.96,93,97,2.71,JP,1690316679
377,tumayr,25.7039,45.868,34.32,9,100,3.48,SA,1690316679
378,robore,-18.3333,-59.75,30.05,48,3,0.0,BO,1690316679
379,escanaba,45.7453,-87.0646,26.81,64,0,4.12,US,1690316423
380,port augusta,-32.5,137.7667,6.48,76,0,1.39,AU,1690316592
381,pangody,65.85,74.4859,19.3,73,97,6.19,RU,1690316679
382,dwarka,22.2394,68.9678,27.86,84,97,7.29,IN,1690316680
383,viqueque,-8.8673,126.3658,20.66,83,90,1.76,TL,1690316680
384,amga,60.8953,131.9608,16.47,92,1,0.86,RU,1690316680
385,lazaro cardenas,17.9583,-102.2,31.41,62,93,3.67,MX,1690316440
386,tabou,4.423,-7.3528,24.73,85,99,3.72,CI,1690316680
387,fukuecho,32.6881,128.8419,27.02,88,12,5.54,JP,1690316680
388,tropea,38.6754,15.8948,29.61,71,0,2.83,IT,1690316680
389,nar'yan-mar,67.6713,53.087,15.72,74,21,3.91,RU,1690316542
390,colonia,50.9333,6.95,16.57,73,0,1.03,DE,1690316489
391,susuman,62.7833,148.1667,14.04,85,100,1.67,RU,1690316681
392,vorgashor,67.5833,63.95,15.96,85,100,2.83,RU,1690316681
393,kirakira,-10.4544,161.9205,25.76,89,88,4.31,SB,1690316681
394,north haven,41.3909,-72.8595,29.03,73,0,4.63,US,1690316681
395,magadan,59.5667,150.8,12.98,89,32,1.67,RU,1690316568
396,formosa,-26.1775,-58.1781,17.99,82,100,2.06,AR,1690316681
397,bom jesus,-9.0744,-44.3586,33.25,19,3,3.01,BR,1690316681
398,souillac,-20.5167,57.5167,21.21,94,40,1.03,MU,1690316668
399,ringkobing,56.0901,8.244,13.9,78,8,6.99,DK,1690316681
400,churapcha,62.0025,132.4325,14.64,85,0,2.3,RU,1690316682
401,acapetahua,15.2833,-92.7,33.44,58,24,2.7,MX,1690316682
402,ladario,-19.0047,-57.6017,30.05,45,0,3.09,BR,1690316682
403,selby,53.7833,-1.0667,15.29,77,89,4.95,GB,1690316682
404,sakaiminato,35.55,133.2333,24.99,100,40,1.03,JP,1690316682
405,kenora,49.8167,-94.4337,23.54,73,75,3.09,CA,1690316576
406,nova sintra,14.8667,-24.7167,22.35,84,23,4.94,CV,1690316565
407,buala,-8.145,159.5921,26.44,86,85,4.46,SB,1690316682
408,polyarnyy,69.1989,33.4478,9.69,96,85,2.77,RU,1690316682
409,lompoc,34.6391,-120.4579,35.08,54,20,4.12,US,1690316437
410,rabo de peixe,37.8,-25.5833,22.73,73,40,3.6,PT,1690316683
411,taltal,-25.4,-70.4833,17.78,65,23,1.45,CL,1690316411
412,tofol,5.3248,163.0078,28.59,74,100,4.92,FM,1690316683
413,smithers,54.7804,-127.1743,14.18,88,100,2.57,CA,1690316683
414,terrace,54.5163,-128.6035,14.01,94,100,4.63,CA,1690316683
415,erenhot,43.6475,111.9767,25.06,47,99,2.88,CN,1690316683
416,rethymno,35.3647,24.4714,32.89,43,0,1.25,GR,1690316683
417,mahina,-17.5065,-149.489,26.87,89,75,5.66,PF,1690316684
418,uzhur,55.3036,89.8339,14.56,92,24,2.82,RU,1690316684
419,bizerte,37.2744,9.8739,28.0,78,40,5.66,TN,1690316684
420,zeliezovce,48.0508,18.6542,15.01,90,4,2.9,SK,1690316684
421,nelson bay,-32.7167,152.15,11.67,99,7,2.68,AU,1690316684
422,tyumentsevo,53.3224,81.498,17.78,64,52,2.87,RU,1690316494
423,rongelap,11.1635,166.8941,28.52,77,100,7.49,MH,1690316684
424,zakynthos,37.7914,20.8953,28.69,100,20,4.12,GR,1690316684
425,tolanaro,-25.0319,46.9987,20.04,60,40,4.12,MG,1690316684
426,thurso,58.5927,-3.5259,11.14,82,96,4.82,GB,1690316685
427,la gi,10.6667,107.7833,24.9,92,94,4.23,VN,1690316685
428,fort stockton,30.894,-102.8793,36.2,21,6,1.34,US,1690316685
429,mutoko,-17.397,32.2268,11.83,77,1,2.75,ZW,1690316685
430,priargunsk,50.3691,119.1012,16.4,88,84,1.23,RU,1690316685
431,toliara,-23.35,43.6667,18.43,65,54,6.7,MG,1690316685
432,jiazi,22.8779,116.067,27.51,78,99,1.62,CN,1690316685
433,pirallahi,40.4723,50.333,26.08,78,100,12.19,AZ,1690316686
434,siwa oasis,29.2041,25.5195,31.69,24,0,5.72,EG,1690316686
435,gaiman,-43.2897,-65.4929,13.48,45,15,5.96,AR,1690316686
436,kenai,60.5544,-151.2583,16.05,85,20,3.6,US,1690316686
437,dadukou,26.5479,101.7054,23.35,86,100,0.45,CN,1690316686
438,indramayu,-6.3264,108.32,24.78,75,100,3.71,ID,1690316686
439,tataouine,32.9297,10.4518,37.35,11,16,1.17,TN,1690316686
440,kokopo,-4.352,152.2633,24.76,86,94,5.31,PG,1690316687
441,hammerfest,70.6634,23.6821,13.25,76,0,4.12,NO,1690316562
442,arkalyk,50.2486,66.9114,25.9,28,100,7.85,KZ,1690316548
443,khorixas,-20.3667,14.9667,15.5,49,0,1.87,NA,1690316687
444,dubbo,-32.25,148.6167,4.07,93,0,4.12,AU,1690316687
445,alaghsas,17.0187,8.0168,37.49,17,100,4.44,NE,1690316687
446,wagar,16.1525,36.2032,33.94,36,99,6.7,SD,1690316687
447,kolonia,50.9333,6.95,16.57,73,0,1.03,DE,1690316489
448,tarko-sale,64.9225,77.785,18.76,88,98,4.92,RU,1690316688
449,berdigestyakh,62.0989,126.6992,12.71,63,8,2.21,RU,1690316688
450,murun-kuren,49.6342,100.1625,10.14,78,41,2.0,MN,1690316688
451,aleg,17.0481,-13.9209,38.2,31,65,2.52,MR,1690316688
452,tabas,33.5959,56.9244,35.12,11,0,3.09,IR,1690316688
453,bayanhongor,46.7167,100.1167,8.53,69,34,1.95,MN,1690316688
454,sisimiut,66.9395,-53.6735,7.67,79,73,5.56,GL,1690316524
455,dryden,49.7833,-92.7503,24.16,60,75,3.6,CA,1690316516
456,wuyishan,28.0047,117.8114,25.03,84,100,2.52,CN,1690316688
457,motygino,58.1831,94.7592,16.83,98,100,0.68,RU,1690316688
458,vidigueira,38.1845,-7.7447,26.23,32,0,6.15,PT,1690316689
459,djibo,14.1022,-1.6306,34.3,40,6,0.12,BF,1690316689
460,isangel,-19.55,169.2667,18.06,94,75,0.0,VU,1690316689
461,saint-philippe,-21.3585,55.7679,20.77,79,41,1.46,RE,1690316689
462,zhanaozen,43.3,52.8,25.46,57,100,6.98,KZ,1690316689
463,savanna-la-mar,18.219,-78.1332,29.97,64,97,0.34,JM,1690316689
464,ginir,7.1333,40.7,15.28,78,66,5.43,ET,1690316689
465,malvan,16.0667,73.4667,25.64,88,100,7.52,IN,1690316689
466,piraquara,-25.4417,-49.0633,22.66,47,75,3.6,BR,1690316690
467,rio grande,-32.035,-52.0986,16.06,92,100,6.21,BR,1690316574
468,pemba,-12.974,40.5178,24.39,78,0,7.72,MZ,1690316690
469,saint-francois,46.4154,3.9054,15.69,82,27,3.09,FR,1690316690
470,ancud,-41.8697,-73.8203,10.03,85,10,6.53,CL,1690316690
471,challapata,-18.9,-66.7667,12.44,13,0,5.5,BO,1690316690
472,massawa,15.6097,39.45,35.34,38,44,5.48,ER,1690316690
473,swakopmund,-22.6833,14.5333,12.77,86,94,0.89,NA,1690316691
474,garoowe,8.4054,48.4845,28.36,43,0,12.06,SO,1690316691
475,kailua-kona,19.6406,-155.9956,28.06,83,20,3.6,US,1690316682
476,chibougamau,49.9168,-74.3659,22.79,43,75,2.8,CA,1690316585
477,orange,33.7,-117.7675,42.6,52,20,2.06,US,1690316590
478,orcopampa,-15.2661,-72.3417,14.6,14,0,4.35,PE,1690316691
479,wimborne minster,50.7833,-1.9833,17.18,76,20,2.06,GB,1690316691
480,la foa,-21.7108,165.8276,17.73,72,44,4.73,NC,1690316691
481,virginia,37.5481,-77.4467,34.73,53,75,4.63,US,1690316638
482,margate,51.3813,1.3862,17.05,71,78,2.85,GB,1690316692
483,kavaratti,10.5669,72.642,28.2,74,96,6.62,IN,1690316692
484,portsmouth,50.799,-1.0913,17.73,79,29,1.79,GB,1690316470
485,torghay,49.6339,63.4981,29.39,27,100,3.74,KZ,1690316692
486,greymouth,-42.4667,171.2,4.64,89,55,2.59,NZ,1690316692
487,seme,15.1942,-12.9448,36.12,41,46,1.19,SN,1690316692
488,xai-xai,-25.0519,33.6442,16.68,74,6,3.15,MZ,1690316692
489,mermoz boabab,14.7065,-17.4758,28.88,79,40,2.06,SN,1690316693
490,kayangel,8.0823,134.7173,25.84,86,100,5.07,PW,1690316693
491,aginskoye,51.1,114.53,14.65,84,46,1.23,RU,1690316693
492,maumere,-8.6199,122.2111,23.91,79,60,1.85,ID,1690316693
493,igarka,67.4667,86.5833,15.38,81,2,3.81,RU,1690316681
494,lock haven,41.137,-77.4469,29.23,63,100,1.5,US,1690316693
495,srivardhan,18.0333,73.0167,25.22,92,100,3.09,IN,1690316693
496,luderitz,-26.6481,15.1594,13.11,86,93,2.92,NA,1690316549
497,chapada dos guimaraes,-15.4606,-55.7497,29.81,18,0,0.87,BR,1690316693
498,abu tij,27.0441,31.319,33.08,15,6,2.47,EG,1690316694
499,mount pearl,47.5166,-52.7813,29.14,57,75,4.12,CA,1690316694
500,pittsburg,38.028,-121.8847,35.98,34,0,4.12,US,1690316694
501,pisco,-13.7,-76.2167,22.03,68,0,7.72,PE,1690316574
502,uthal,25.8072,66.6219,28.42,87,100,2.5,PK,1690316694
503,timimoun,29.2639,0.231,42.21,6,0,3.09,DZ,1690316694
504,brisas barra de suchiate,14.55,-92.2167,34.1,63,13,4.1,MX,1690316694
505,san jose de jachal,-30.2406,-68.7469,24.99,10,9,0.8,AR,1690316695
506,najran,17.4924,44.1277,31.36,14,100,0.44,SA,1690316695
507,bubaque,11.2833,-15.8333,27.67,77,100,5.03,GW,1690316696
508,bandarbeyla,9.4942,50.8122,23.72,84,7,15.53,SO,1690316696
509,andovoranto,-18.95,49.1,20.14,92,41,1.52,MG,1690316696
510,kilju,40.9642,129.3278,22.35,83,92,1.49,KP,1690316696
511,ludington,43.9553,-86.4526,29.34,72,0,3.6,US,1690316697
512,palu,-0.8917,119.8707,23.92,94,3,1.18,ID,1690316697
513,prainha,-1.8,-53.48,33.97,34,60,1.71,BR,1690316457
514,page,36.9147,-111.4558,36.49,22,0,3.13,US,1690316613
515,papao,-17.75,-149.55,26.82,83,10,7.59,PF,1690316698
516,al ghayzah,16.2079,52.176,25.32,89,100,6.44,YE,1690316636
517,bani walid,31.7566,13.9942,33.52,15,0,4.11,LY,1690316698
518,altai,46.3722,96.2583,12.09,42,0,1.02,MN,1690316699
519,ishurdi,24.1333,89.0833,27.5,82,90,4.77,BD,1690316699
520,algeciras,36.1333,-5.4505,25.82,41,0,6.69,ES,1690316699
521,al mutayrifi,25.4788,49.5576,35.19,27,100,1.86,SA,1690316699
522,narvik,68.4384,17.4272,17.43,76,89,2.27,NO,1690316700
523,ar ruways,24.1103,52.7306,32.61,71,100,1.66,AE,1690316700
524,voss,60.623,6.4229,14.19,88,100,1.93,NO,1690316701
525,maceio,-9.6658,-35.7353,25.69,73,20,4.12,BR,1690316022
526,sinop,41.7711,34.8709,17.29,55,0,2.93,TR,1690316558
527,huayucachi,-12.1333,-75.2333,20.53,20,7,2.96,PE,1690316701
528,suntar,62.1444,117.6319,15.64,92,80,1.94,RU,1690316701
529,becerril,9.7041,-73.2793,35.1,43,90,0.91,CO,1690316701
530,byaroza,52.5314,24.9786,20.0,67,100,0.42,BY,1690316702
531,sydney,-33.8679,151.2073,10.22,89,20,3.6,AU,1690316264
532,hafar al-batin,28.4328,45.9708,37.32,8,0,0.0,SA,1690316702
533,smiltene,57.4244,25.9016,15.31,98,94,2.46,LV,1690316702
534,bhamo,24.2667,97.2333,23.26,99,59,0.55,MM,1690316703
535,batouri,4.4333,14.3667,21.37,95,100,0.63,CM,1690316703
536,saint-joseph,-21.3667,55.6167,20.21,79,22,0.88,RE,1690316703
537,bocas del toro,9.3333,-82.25,27.84,77,99,3.58,PA,1690316703
538,santa luzia,-19.7697,-43.8514,24.6,42,40,5.66,BR,1690316703
539,pyhajarvi,67.0701,27.2176,11.34,88,84,1.09,FI,1690316703
540,hovd,48.0056,91.6419,18.57,39,99,1.4,MN,1690316703
541,micheweni,-4.9667,39.8333,24.64,78,8,7.44,TZ,1690316704
542,cajamarca,-7.1638,-78.5003,23.04,28,40,4.12,PE,1690316704
543,buturlinovka,50.8239,40.6092,19.66,61,71,2.9,RU,1690316704
544,san clemente del tuyu,-36.3569,-56.7235,12.21,86,100,5.61,AR,1690316704
545,tuba city,36.135,-111.2399,36.88,26,0,1.34,US,1690316704
546,mili,6.0815,171.735,28.09,76,100,2.72,MH,1690316571
547,puerto aysen,-45.4,-72.7,6.02,87,75,3.09,CL,1690316704
548,mariental,-24.6333,17.9667,19.53,23,78,4.21,NA,1690316705
549,arrifes,37.7667,-25.7,22.14,73,40,3.6,PT,1690316705
550,minas de marcona,-15.2119,-75.1103,16.28,66,14,7.0,PE,1690316705
551,harstad,68.799,16.5293,16.8,90,67,2.24,NO,1690316705
552,newcastle,-32.9272,151.7765,11.89,93,100,1.54,AU,1690316705
553,howrah,22.5892,88.3103,28.0,89,40,1.54,IN,1690316705
554,el alto,-4.2714,-81.2147,25.81,66,42,8.2,PE,1690316706
555,andalgala,-27.5819,-66.3165,18.56,30,3,1.69,AR,1690316706
556,lagarto,-10.9172,-37.65,24.42,71,60,4.52,BR,1690316706
557,ntoum,0.3833,9.7833,24.18,84,27,2.92,GA,1690316706
558,nabire,-3.3667,135.4833,24.55,89,81,1.38,ID,1690316706
559,joshimath,30.5667,79.5667,22.3,90,100,0.4,IN,1690316670
560,gospic,44.5461,15.3747,21.83,83,29,0.62,HR,1690316707
561,novyy urgal,51.0736,132.5642,17.93,98,100,2.2,RU,1690316707
562,parauapebas,-6.0675,-49.9022,33.99,33,0,0.0,BR,1690316707
563,moshi,-3.35,37.3333,19.09,74,17,0.93,TZ,1690316482
564,anguera,-12.151,-39.2453,24.56,63,90,3.66,BR,1690316707
565,nosy varika,-20.5833,48.5333,19.46,92,36,3.95,MG,1690316707
566,san pedro pochutla,15.7333,-96.4667,33.17,48,38,3.13,MX,1690316707
567,manavalakurichi,8.1333,77.3,25.68,80,100,6.0,IN,1690316707
568,doka,13.5167,35.7667,25.7,72,100,3.46,SD,1690316566
569,bredy,52.4153,60.3411,20.53,60,100,0.89,RU,1690316708
570,sihanoukville,10.6093,103.5296,24.97,100,75,1.54,KH,1690316708
